historia;klub_id
Historia Legia Warszawa - wielokrotny mistrz Polski, znany z silnej obrony i dynamicznej gry ofensywnej. Klub od lat buduje silną pozycję na krajowej i europejskiej scenie.;1
Historia Lech Poznań - słynący z solidnej akademii młodzieżowej, która wychowała wielu czołowych piłkarzy. Klub z dużym wsparciem kibiców i tradycją walki o najwyższe cele.;2
Historia Wisła Kraków - jeden z najstarszych i najbardziej utytułowanych klubów w Polsce, wielokrotny mistrz kraju, z bogatą tradycją i lojalną bazą fanów.;3
Historia Górnik Zabrze - klub z wieloma mistrzostwami Polski, znany z zaangażowania i pasji, silnie zakorzeniony w górniczej społeczności, z imponującą historią sukcesów.;4
Historia Śląsk Wrocław - dynamiczny klub, który zdobył mistrzostwo Polski oraz Puchar kraju, znany z rozwoju młodych talentów i zaangażowania w lokalną społeczność.;5
Historia Pogoń Szczecin - drużyna o walecznym charakterze, znana z ambicji i solidnych występów w lidze.;6
Historia Cracovia - najstarszy klub w Polsce, słynący z bogatej tradycji i rywalizacji derbowych.;7
Historia Jagiellonia Białystok - klub rozwijający młodych zawodników i walczący o czołowe miejsca w lidze.;8
Historia Zagłębie Lubin - drużyna znana z pracy z młodzieżą i sukcesów w Pucharze Polski.;9
Historia Raków Częstochowa - klub o dynamicznym rozwoju i rosnącej pozycji w polskiej piłce.;10
Historia Czarni Jaslo - lokalny klub z wieloletnią tradycją i zaangażowaną społecznością.;11
Historia Odra Opole - zespół z piękną historią i sukcesami w dawnych latach.;12
Historia Motor Lublin - klub z dużymi ambicjami i oddanymi kibicami.;13
Historia Stal Mielec - dawny mistrz Polski, znany z walki o najwyższe cele.;14
Historia GKS Katowice - zasłużony klub ze Śląska, z wiernymi fanami.;15
Historia Polonia Warszawa - jeden z najstarszych klubów stolicy, z bogatą historią sukcesów.;16
Historia Widzew Łódź - drużyna z tradycjami, znana z udziału w europejskich pucharach.;17
Historia ŁKS Łódź - zasłużony klub z Łodzi, z sukcesami na krajowej scenie.;18
Historia Sandecja Nowy Sącz - drużyna o walecznym duchu, z ambicjami na awans.;19
Historia GKS Tychy - zespół z nowoczesnym stadionem i ambitnymi planami rozwoju.;20
Historia Podbeskidzie Bielsko-Biała - klub znany z walki i charakteru.;21
Historia Chrobry Głogów - drużyna z tradycją w polskiej piłce.;22
Historia Resovia Rzeszów - jeden z najstarszych klubów na Podkarpaciu, z bogatą historią.;23
Historia Radomiak Radom - klub z wieloma sukcesami w niższych ligach, walczący o awans.;24
Historia Górnik Łęczna - zespół znany z walki o Ekstraklasę.;25
Historia Znicz Pruszków - klub, w którym zaczynało wielu utalentowanych piłkarzy.;26
Historia Olimpia Grudziądz - drużyna z ambicjami na powrót do wyższych lig.;27
Historia Bytovia Bytów - klub z tradycjami i oddaną społecznością.;28
Historia Puszcza Niepołomice - zespół znany z walki o każdy punkt.;29
Historia Sokół Ostróda - drużyna z warmińsko-mazurskiego, z ambicjami na rozwój.;30
